CREATED,Date,Time,C_BPARTNER_ID,ICE_CUSTOMERNAME,ICE_PRIM_C_BPARTNER_ID,ICE_PRIMARYCUSTOMERNAME,Moc doctype,ICE_SERVICENAME,QTYENTERED,GRANDTOTAL,Moc doctype id
,2/1/2020,00:00:00,99155157,RAY008,99155134,RAY008,Billing Advice,Water,15,70,2010103
,2/1/2020,06:00:00,99155157,RAY008,99155134,RAY008,Invoice - AMI Billing RC - Electricity,ELEC,30,60,2010332
,2/1/2020,12:00:00,99155158,RAY009,99155135,RAY009,Invoice - AMI Billing RC - Sanitation,Sanitation,15,20,2010341
,2/1/2020,18:00:00,99155159,RAY010,99155136,RAY010,AR Receipt,Payment ,1,80,2010061
,2/2/2020,00:00:00,99155160,RAY011,99155137,RAY011,Billing Advice,Water,21,80,2010103
,2/2/2020,06:00:00,99155161,RAY012,99155138,RAY012,Invoice - AMI Billing RC - Electricity,ELEC,36,70,2010332
,2/2/2020,12:00:00,99155162,RAY013,99155139,RAY013,Invoice - AMI Billing RC - Sanitation,Sanitation,21,30,2010341
,2/2/2020,18:00:00,99155163,RAY014,99155140,RAY014,AR Receipt,Payment ,1,90,2010061
,2/3/2020,00:00:00,99155160,RAY011,99155137,RAY011,Billing Advice,Water,27,90,2010103
,2/3/2020,06:00:00,99155161,RAY012,99155138,RAY012,Invoice - AMI Billing RC - Electricity,ELEC,42,80,2010332
,2/3/2020,12:00:00,99155162,RAY013,99155139,RAY013,Invoice - AMI Billing RC - Sanitation,Sanitation,27,40,2010341
,2/3/2020,18:00:00,99155163,RAY014,99155140,RAY014,AR Receipt,Payment ,1,100,2010061
,2/4/2020,00:00:00,99155160,RAY011,99155137,RAY011,Billing Advice,Water,33,100,2010103
,2/4/2020,06:00:00,99155161,RAY012,99155138,RAY012,Invoice - AMI Billing RC - Electricity,ELEC,48,90,2010332
,2/4/2020,12:00:00,99155162,RAY013,99155139,RAY013,Invoice - AMI Billing RC - Sanitation,Sanitation,33,50,2010341
,2/4/2020,18:00:00,99155163,RAY014,99155140,RAY014,AR Receipt,Payment ,1,110,2010061
,2/5/2020,00:00:00,99155160,RAY011,99155137,RAY011,Billing Advice,Water,39,110,2010103
,2/5/2020,06:00:00,99155161,RAY012,99155138,RAY012,Invoice - AMI Billing RC - Electricity,ELEC,54,100,2010332
,2/5/2020,12:00:00,99155162,RAY013,99155139,RAY013,Invoice - AMI Billing RC - Sanitation,Sanitation,39,60,2010341
,2/5/2020,18:00:00,99155163,RAY014,99155140,RAY014,AR Receipt,Payment ,1,120,2010061
,2/6/2020,00:00:00,99155160,RAY011,99155137,RAY011,Billing Advice,Water,45,120,2010103
,2/6/2020,06:00:00,99155161,RAY012,99155138,RAY012,Invoice - AMI Billing RC - Electricity,ELEC,60,110,2010332
,2/6/2020,12:00:00,99155162,RAY013,99155139,RAY013,Invoice - AMI Billing RC - Sanitation,Sanitation,45,70,2010341
,2/6/2020,18:00:00,99155163,RAY014,99155140,RAY014,AR Receipt,Payment ,1,130,2010061
,2/7/2020,00:00:00,99155160,RAY011,99155137,RAY011,Billing Advice,Water,51,130,2010103
,2/7/2020,06:00:00,99155161,RAY012,99155138,RAY012,Invoice - AMI Billing RC - Electricity,ELEC,66,120,2010332
,2/7/2020,12:00:00,99155162,RAY013,99155139,RAY013,Invoice - AMI Billing RC - Sanitation,Sanitation,51,80,2010341
,2/7/2020,18:00:00,99155163,RAY014,99155140,RAY014,AR Receipt,Payment ,1,140,2010061
,2/8/2020,00:00:00,99155160,RAY011,99155137,RAY011,Billing Advice,Water,57,140,2010103
,2/8/2020,06:00:00,99155161,RAY012,99155138,RAY012,Invoice - AMI Billing RC - Electricity,ELEC,72,130,2010332
,2/8/2020,12:00:00,99155162,RAY013,99155139,RAY013,Invoice - AMI Billing RC - Sanitation,Sanitation,57,90,2010341
,2/8/2020,18:00:00,99155163,RAY014,99155140,RAY014,AR Receipt,Payment ,1,150,2010061
,2/9/2020,00:00:00,99155160,RAY011,99155137,RAY011,Billing Advice,Water,63,150,2010103
,2/9/2020,06:00:00,99155161,RAY012,99155138,RAY012,Invoice - AMI Billing RC - Electricity,ELEC,78,140,2010332
,2/9/2020,12:00:00,99155162,RAY013,99155139,RAY013,Invoice - AMI Billing RC - Sanitation,Sanitation,63,100,2010341
,2/9/2020,18:00:00,99155163,RAY014,99155140,RAY014,AR Receipt,Payment ,1,160,2010061
,2/10/2020,00:00:00,99155160,RAY011,99155137,RAY011,Billing Advice,Water,69,160,2010103
,2/10/2020,06:00:00,99155161,RAY012,99155138,RAY012,Invoice - AMI Billing RC - Electricity,ELEC,84,150,2010332
,2/10/2020,12:00:00,99155162,RAY013,99155139,RAY013,Invoice - AMI Billing RC - Sanitation,Sanitation,69,110,2010341
,2/10/2020,18:00:00,99155163,RAY014,99155140,RAY014,AR Receipt,Payment ,1,170,2010061
,2/11/2020,00:00:00,99155160,RAY011,99155137,RAY011,Billing Advice,Water,75,170,2010103
,2/11/2020,06:00:00,99155161,RAY012,99155138,RAY012,Invoice - AMI Billing RC - Electricity,ELEC,90,160,2010332
,2/11/2020,12:00:00,99155162,RAY013,99155139,RAY013,Invoice - AMI Billing RC - Sanitation,Sanitation,75,120,2010341
,2/11/2020,18:00:00,99155163,RAY014,99155140,RAY014,AR Receipt,Payment ,1,180,2010061
,2/12/2020,00:00:00,99155160,RAY011,99155137,RAY011,Billing Advice,Water,81,180,2010103
,2/12/2020,06:00:00,99155161,RAY012,99155138,RAY012,Invoice - AMI Billing RC - Electricity,ELEC,96,170,2010332
,2/12/2020,12:00:00,99155162,RAY013,99155139,RAY013,Invoice - AMI Billing RC - Sanitation,Sanitation,81,130,2010341
,2/12/2020,18:00:00,99155163,RAY014,99155140,RAY014,AR Receipt,Payment ,1,190,2010061
,2/13/2020,00:00:00,99155160,RAY011,99155137,RAY011,Billing Advice,Water,87,190,2010103
,2/13/2020,06:00:00,99155161,RAY012,99155138,RAY012,Invoice - AMI Billing RC - Electricity,ELEC,102,180,2010332
,2/13/2020,12:00:00,99155162,RAY013,99155139,RAY013,Invoice - AMI Billing RC - Sanitation,Sanitation,87,140,2010341
,2/13/2020,18:00:00,99155163,RAY014,99155140,RAY014,AR Receipt,Payment ,1,200,2010061
,2/14/2020,00:00:00,99155160,RAY011,99155137,RAY011,Billing Advice,Water,93,200,2010103
,2/14/2020,06:00:00,99155161,RAY012,99155138,RAY012,Invoice - AMI Billing RC - Electricity,ELEC,108,190,2010332
,2/14/2020,12:00:00,99155162,RAY013,99155139,RAY013,Invoice - AMI Billing RC - Sanitation,Sanitation,93,150,2010341
,2/14/2020,18:00:00,99155163,RAY014,99155140,RAY014,AR Receipt,Payment ,1,210,2010061
,2/15/2020,00:00:00,99155160,RAY011,99155137,RAY011,Billing Advice,Water,99,210,2010103
,2/15/2020,06:00:00,99155161,RAY012,99155138,RAY012,Invoice - AMI Billing RC - Electricity,ELEC,114,200,2010332
,2/15/2020,12:00:00,99155162,RAY013,99155139,RAY013,Invoice - AMI Billing RC - Sanitation,Sanitation,99,160,2010341
,2/15/2020,18:00:00,99155163,RAY014,99155140,RAY014,AR Receipt,Payment ,1,220,2010061
,2/16/2020,00:00:00,99155160,RAY011,99155137,RAY011,Billing Advice,Water,105,220,2010103
,2/16/2020,06:00:00,99155161,RAY012,99155138,RAY012,Invoice - AMI Billing RC - Electricity,ELEC,120,210,2010332
,2/16/2020,12:00:00,99155162,RAY013,99155139,RAY013,Invoice - AMI Billing RC - Sanitation,Sanitation,105,170,2010341
,2/16/2020,18:00:00,99155163,RAY014,99155140,RAY014,AR Receipt,Payment ,1,230,2010061
,2/17/2020,00:00:00,99155160,RAY011,99155137,RAY011,Billing Advice,Water,111,230,2010103
,2/17/2020,06:00:00,99155161,RAY012,99155138,RAY012,Invoice - AMI Billing RC - Electricity,ELEC,126,220,2010332
,2/17/2020,12:00:00,99155162,RAY013,99155139,RAY013,Invoice - AMI Billing RC - Sanitation,Sanitation,111,180,2010341
,2/17/2020,18:00:00,99155163,RAY014,99155140,RAY014,AR Receipt,Payment ,1,240,2010061
,2/18/2020,00:00:00,99155160,RAY011,99155137,RAY011,Billing Advice,Water,117,240,2010103
,2/18/2020,06:00:00,99155161,RAY012,99155138,RAY012,Invoice - AMI Billing RC - Electricity,ELEC,132,230,2010332
,2/18/2020,12:00:00,99155162,RAY013,99155139,RAY013,Invoice - AMI Billing RC - Sanitation,Sanitation,117,190,2010341
,2/18/2020,18:00:00,99155163,RAY014,99155140,RAY014,AR Receipt,Payment ,1,250,2010061
,2/19/2020,00:00:00,99155160,RAY011,99155137,RAY011,Billing Advice,Water,123,250,2010103
,2/19/2020,06:00:00,99155161,RAY012,99155138,RAY012,Invoice - AMI Billing RC - Electricity,ELEC,138,240,2010332
,2/19/2020,12:00:00,99155162,RAY013,99155139,RAY013,Invoice - AMI Billing RC - Sanitation,Sanitation,123,200,2010341
,2/19/2020,18:00:00,99155163,RAY014,99155140,RAY014,AR Receipt,Payment ,1,260,2010061
,2/20/2020,00:00:00,99155160,RAY011,99155137,RAY011,Billing Advice,Water,129,260,2010103
,2/20/2020,06:00:00,99155161,RAY012,99155138,RAY012,Invoice - AMI Billing RC - Electricity,ELEC,144,250,2010332
,2/20/2020,12:00:00,99155162,RAY013,99155139,RAY013,Invoice - AMI Billing RC - Sanitation,Sanitation,129,210,2010341
,2/20/2020,18:00:00,99155163,RAY014,99155140,RAY014,AR Receipt,Payment ,1,270,2010061
,2/21/2020,00:00:00,99155160,RAY011,99155137,RAY011,Billing Advice,Water,135,270,2010103
,2/21/2020,06:00:00,99155161,RAY012,99155138,RAY012,Invoice - AMI Billing RC - Electricity,ELEC,150,260,2010332
,2/21/2020,12:00:00,99155162,RAY013,99155139,RAY013,Invoice - AMI Billing RC - Sanitation,Sanitation,135,220,2010341
,2/21/2020,18:00:00,99155163,RAY014,99155140,RAY014,AR Receipt,Payment ,1,280,2010061
,2/22/2020,00:00:00,99155160,RAY011,99155137,RAY011,Billing Advice,Water,141,280,2010103
,2/22/2020,06:00:00,99155161,RAY012,99155138,RAY012,Invoice - AMI Billing RC - Electricity,ELEC,156,270,2010332
,2/22/2020,12:00:00,99155162,RAY013,99155139,RAY013,Invoice - AMI Billing RC - Sanitation,Sanitation,141,230,2010341
,2/22/2020,18:00:00,99155163,RAY014,99155140,RAY014,AR Receipt,Payment ,1,290,2010061
,2/23/2020,00:00:00,99155160,RAY011,99155137,RAY011,Billing Advice,Water,147,290,2010103
,2/23/2020,06:00:00,99155161,RAY012,99155138,RAY012,Invoice - AMI Billing RC - Electricity,ELEC,162,280,2010332
,2/23/2020,12:00:00,99155162,RAY013,99155139,RAY013,Invoice - AMI Billing RC - Sanitation,Sanitation,147,240,2010341
,2/23/2020,18:00:00,99155163,RAY014,99155140,RAY014,AR Receipt,Payment ,1,300,2010061
,2/24/2020,00:00:00,99155160,RAY011,99155137,RAY011,Billing Advice,Water,153,300,2010103
,2/24/2020,06:00:00,99155161,RAY012,99155138,RAY012,Invoice - AMI Billing RC - Electricity,ELEC,168,290,2010332
,2/24/2020,12:00:00,99155162,RAY013,99155139,RAY013,Invoice - AMI Billing RC - Sanitation,Sanitation,153,250,2010341
,2/24/2020,18:00:00,99155163,RAY014,99155140,RAY014,AR Receipt,Payment ,1,310,2010061
,2/25/2020,00:00:00,99155160,RAY011,99155137,RAY011,Billing Advice,Water,159,310,2010103
,2/25/2020,06:00:00,99155161,RAY012,99155138,RAY012,Invoice - AMI Billing RC - Electricity,ELEC,174,300,2010332
,2/25/2020,12:00:00,99155162,RAY013,99155139,RAY013,Invoice - AMI Billing RC - Sanitation,Sanitation,159,260,2010341
,2/25/2020,18:00:00,99155163,RAY014,99155140,RAY014,AR Receipt,Payment ,1,320,2010061
,2/26/2020,00:00:00,99155160,RAY011,99155137,RAY011,Billing Advice,Water,165,320,2010103
,2/26/2020,06:00:00,99155161,RAY012,99155138,RAY012,Invoice - AMI Billing RC - Electricity,ELEC,180,310,2010332
,2/26/2020,12:00:00,99155162,RAY013,99155139,RAY013,Invoice - AMI Billing RC - Sanitation,Sanitation,165,270,2010341
,2/26/2020,18:00:00,99155163,RAY014,99155140,RAY014,AR Receipt,Payment ,1,330,2010061
,2/27/2020,00:00:00,99155160,RAY011,99155137,RAY011,Billing Advice,Water,171,330,2010103
,2/27/2020,06:00:00,99155161,RAY012,99155138,RAY012,Invoice - AMI Billing RC - Electricity,ELEC,186,320,2010332
,2/27/2020,12:00:00,99155162,RAY013,99155139,RAY013,Invoice - AMI Billing RC - Sanitation,Sanitation,171,280,2010341
,2/27/2020,18:00:00,99155163,RAY014,99155140,RAY014,AR Receipt,Payment ,1,340,2010061
,2/28/2020,00:00:00,99155160,RAY011,99155137,RAY011,Billing Advice,Water,177,340,2010103
,2/28/2020,06:00:00,99155161,RAY012,99155138,RAY012,Invoice - AMI Billing RC - Electricity,ELEC,192,330,2010332
,2/28/2020,12:00:00,99155162,RAY013,99155139,RAY013,Invoice - AMI Billing RC - Sanitation,Sanitation,177,290,2010341
,2/28/2020,18:00:00,99155163,RAY014,99155140,RAY014,AR Receipt,Payment ,1,350,2010061
,2/29/2020,00:00:00,99155160,RAY011,99155137,RAY011,Billing Advice,Water,183,350,2010103
,2/29/2020,06:00:00,99155161,RAY012,99155138,RAY012,Invoice - AMI Billing RC - Electricity,ELEC,198,340,2010332
,2/29/2020,12:00:00,99155162,RAY013,99155139,RAY013,Invoice - AMI Billing RC - Sanitation,Sanitation,183,300,2010341
,2/29/2020,18:00:00,99155163,RAY014,99155140,RAY014,AR Receipt,Payment ,1,360,2010061
,3/1/2020,00:00:00,99155160,RAY011,99155137,RAY011,Billing Advice,Water,189,360,2010103
,3/1/2020,06:00:00,99155161,RAY012,99155138,RAY012,Invoice - AMI Billing RC - Electricity,ELEC,204,350,2010332
,3/1/2020,12:00:00,99155162,RAY013,99155139,RAY013,Invoice - AMI Billing RC - Sanitation,Sanitation,189,310,2010341
,3/1/2020,18:00:00,99155163,RAY014,99155140,RAY014,AR Receipt,Payment ,1,370,2010061
,3/2/2020,00:00:00,99155160,RAY011,99155137,RAY011,Billing Advice,Water,195,370,2010103
,3/2/2020,06:00:00,99155161,RAY012,99155138,RAY012,Invoice - AMI Billing RC - Electricity,ELEC,210,360,2010332
,3/2/2020,12:00:00,99155162,RAY013,99155139,RAY013,Invoice - AMI Billing RC - Sanitation,Sanitation,195,320,2010341
,3/2/2020,18:00:00,99155163,RAY014,99155140,RAY014,AR Receipt,Payment ,1,380,2010061
,3/3/2020,00:00:00,99155160,RAY011,99155137,RAY011,Billing Advice,Water,201,380,2010103
,3/3/2020,06:00:00,99155161,RAY012,99155138,RAY012,Invoice - AMI Billing RC - Electricity,ELEC,216,370,2010332
,3/3/2020,12:00:00,99155162,RAY013,99155139,RAY013,Invoice - AMI Billing RC - Sanitation,Sanitation,201,330,2010341
,3/3/2020,18:00:00,99155163,RAY014,99155140,RAY014,AR Receipt,Payment ,1,390,2010061
,3/4/2020,00:00:00,99155160,RAY011,99155137,RAY011,Billing Advice,Water,207,390,2010103
,3/4/2020,06:00:00,99155161,RAY012,99155138,RAY012,Invoice - AMI Billing RC - Electricity,ELEC,222,380,2010332
,3/4/2020,12:00:00,99155162,RAY013,99155139,RAY013,Invoice - AMI Billing RC - Sanitation,Sanitation,207,340,2010341
,3/4/2020,18:00:00,99155163,RAY014,99155140,RAY014,AR Receipt,Payment ,1,400,2010061
,3/5/2020,00:00:00,99155160,RAY011,99155137,RAY011,Billing Advice,Water,213,400,2010103
,3/5/2020,06:00:00,99155161,RAY012,99155138,RAY012,Invoice - AMI Billing RC - Electricity,ELEC,228,390,2010332
,3/5/2020,12:00:00,99155162,RAY013,99155139,RAY013,Invoice - AMI Billing RC - Sanitation,Sanitation,213,350,2010341
,3/5/2020,18:00:00,99155163,RAY014,99155140,RAY014,AR Receipt,Payment ,1,410,2010061
,3/6/2020,00:00:00,99155160,RAY011,99155137,RAY011,Billing Advice,Water,219,410,2010103
,3/6/2020,06:00:00,99155161,RAY012,99155138,RAY012,Invoice - AMI Billing RC - Electricity,ELEC,234,400,2010332
,3/6/2020,12:00:00,99155162,RAY013,99155139,RAY013,Invoice - AMI Billing RC - Sanitation,Sanitation,219,360,2010341
,3/6/2020,18:00:00,99155163,RAY014,99155140,RAY014,AR Receipt,Payment ,1,420,2010061
,3/7/2020,00:00:00,99155160,RAY011,99155137,RAY011,Billing Advice,Water,225,420,2010103
,3/7/2020,06:00:00,99155161,RAY012,99155138,RAY012,Invoice - AMI Billing RC - Electricity,ELEC,240,410,2010332
,3/7/2020,12:00:00,99155162,RAY013,99155139,RAY013,Invoice - AMI Billing RC - Sanitation,Sanitation,225,370,2010341
,3/7/2020,18:00:00,99155163,RAY014,99155140,RAY014,AR Receipt,Payment ,1,430,2010061
,3/8/2020,00:00:00,99155160,RAY011,99155137,RAY011,Billing Advice,Water,231,430,2010103
,3/8/2020,06:00:00,99155161,RAY012,99155138,RAY012,Invoice - AMI Billing RC - Electricity,ELEC,246,420,2010332
,3/8/2020,12:00:00,99155162,RAY013,99155139,RAY013,Invoice - AMI Billing RC - Sanitation,Sanitation,231,380,2010341
,3/8/2020,18:00:00,99155163,RAY014,99155140,RAY014,AR Receipt,Payment ,1,440,2010061
,3/9/2020,00:00:00,99155160,RAY011,99155137,RAY011,Billing Advice,Water,237,440,2010103
,3/9/2020,06:00:00,99155161,RAY012,99155138,RAY012,Invoice - AMI Billing RC - Electricity,ELEC,252,430,2010332
,3/9/2020,12:00:00,99155162,RAY013,99155139,RAY013,Invoice - AMI Billing RC - Sanitation,Sanitation,237,390,2010341
,3/9/2020,18:00:00,99155163,RAY014,99155140,RAY014,AR Receipt,Payment ,1,450,2010061
,3/10/2020,00:00:00,99155160,RAY011,99155137,RAY011,Billing Advice,Water,243,450,2010103
,3/10/2020,06:00:00,99155161,RAY012,99155138,RAY012,Invoice - AMI Billing RC - Electricity,ELEC,258,440,2010332
,3/10/2020,12:00:00,99155162,RAY013,99155139,RAY013,Invoice - AMI Billing RC - Sanitation,Sanitation,243,400,2010341
,3/10/2020,18:00:00,99155163,RAY014,99155140,RAY014,AR Receipt,Payment ,1,460,2010061
,3/11/2020,00:00:00,99155160,RAY011,99155137,RAY011,Billing Advice,Water,249,460,2010103
,3/11/2020,06:00:00,99155161,RAY012,99155138,RAY012,Invoice - AMI Billing RC - Electricity,ELEC,264,450,2010332
,3/11/2020,12:00:00,99155162,RAY013,99155139,RAY013,Invoice - AMI Billing RC - Sanitation,Sanitation,249,410,2010341
,3/11/2020,18:00:00,99155163,RAY014,99155140,RAY014,AR Receipt,Payment ,1,470,2010061
,3/12/2020,00:00:00,99155160,RAY011,99155137,RAY011,Billing Advice,Water,255,470,2010103
,3/12/2020,06:00:00,99155161,RAY012,99155138,RAY012,Invoice - AMI Billing RC - Electricity,ELEC,270,460,2010332
,3/12/2020,12:00:00,99155162,RAY013,99155139,RAY013,Invoice - AMI Billing RC - Sanitation,Sanitation,255,420,2010341
,3/12/2020,18:00:00,99155163,RAY014,99155140,RAY014,AR Receipt,Payment ,1,480,2010061
,3/13/2020,00:00:00,99155160,RAY011,99155137,RAY011,Billing Advice,Water,261,480,2010103
,3/13/2020,06:00:00,99155161,RAY012,99155138,RAY012,Invoice - AMI Billing RC - Electricity,ELEC,276,470,2010332
,3/13/2020,12:00:00,99155162,RAY013,99155139,RAY013,Invoice - AMI Billing RC - Sanitation,Sanitation,261,430,2010341
,3/13/2020,18:00:00,99155163,RAY014,99155140,RAY014,AR Receipt,Payment ,1,490,2010061
,3/14/2020,00:00:00,99155160,RAY011,99155137,RAY011,Billing Advice,Water,267,490,2010103
,3/14/2020,06:00:00,99155161,RAY012,99155138,RAY012,Invoice - AMI Billing RC - Electricity,ELEC,282,480,2010332
,3/14/2020,12:00:00,99155162,RAY013,99155139,RAY013,Invoice - AMI Billing RC - Sanitation,Sanitation,267,440,2010341
,3/14/2020,18:00:00,99155163,RAY014,99155140,RAY014,AR Receipt,Payment ,1,500,2010061
,3/15/2020,00:00:00,99155160,RAY011,99155137,RAY011,Billing Advice,Water,273,500,2010103
,3/15/2020,06:00:00,99155161,RAY012,99155138,RAY012,Invoice - AMI Billing RC - Electricity,ELEC,288,490,2010332
,3/15/2020,12:00:00,99155162,RAY013,99155139,RAY013,Invoice - AMI Billing RC - Sanitation,Sanitation,273,450,2010341
,3/15/2020,18:00:00,99155163,RAY014,99155140,RAY014,AR Receipt,Payment ,1,510,2010061
,3/16/2020,00:00:00,99155160,RAY011,99155137,RAY011,Billing Advice,Water,279,510,2010103
,3/16/2020,06:00:00,99155161,RAY012,99155138,RAY012,Invoice - AMI Billing RC - Electricity,ELEC,294,500,2010332
,3/16/2020,12:00:00,99155162,RAY013,99155139,RAY013,Invoice - AMI Billing RC - Sanitation,Sanitation,279,460,2010341
,3/16/2020,18:00:00,99155163,RAY014,99155140,RAY014,AR Receipt,Payment ,1,520,2010061
,3/17/2020,00:00:00,99155160,RAY011,99155137,RAY011,Billing Advice,Water,285,520,2010103
,3/17/2020,06:00:00,99155161,RAY012,99155138,RAY012,Invoice - AMI Billing RC - Electricity,ELEC,300,510,2010332
,3/17/2020,12:00:00,99155162,RAY013,99155139,RAY013,Invoice - AMI Billing RC - Sanitation,Sanitation,285,470,2010341
,3/17/2020,18:00:00,99155163,RAY014,99155140,RAY014,AR Receipt,Payment ,1,530,2010061
,3/18/2020,00:00:00,99155160,RAY011,99155137,RAY011,Billing Advice,Water,291,530,2010103
,3/18/2020,06:00:00,99155161,RAY012,99155138,RAY012,Invoice - AMI Billing RC - Electricity,ELEC,306,520,2010332
,3/18/2020,12:00:00,99155162,RAY013,99155139,RAY013,Invoice - AMI Billing RC - Sanitation,Sanitation,291,480,2010341
,3/18/2020,18:00:00,99155163,RAY014,99155140,RAY014,AR Receipt,Payment ,1,540,2010061
,3/19/2020,00:00:00,99155160,RAY011,99155137,RAY011,Billing Advice,Water,297,540,2010103
,3/19/2020,06:00:00,99155161,RAY012,99155138,RAY012,Invoice - AMI Billing RC - Electricity,ELEC,312,530,2010332
,3/19/2020,12:00:00,99155162,RAY013,99155139,RAY013,Invoice - AMI Billing RC - Sanitation,Sanitation,297,490,2010341
,3/19/2020,18:00:00,99155163,RAY014,99155140,RAY014,AR Receipt,Payment ,1,550,2010061
,3/20/2020,00:00:00,99155160,RAY011,99155137,RAY011,Billing Advice,Water,303,550,2010103
,3/20/2020,06:00:00,99155161,RAY012,99155138,RAY012,Invoice - AMI Billing RC - Electricity,ELEC,318,540,2010332
,3/20/2020,12:00:00,99155162,RAY013,99155139,RAY013,Invoice - AMI Billing RC - Sanitation,Sanitation,303,500,2010341
,3/20/2020,18:00:00,99155163,RAY014,99155140,RAY014,AR Receipt,Payment ,1,560,2010061
,3/21/2020,00:00:00,99155160,RAY011,99155137,RAY011,Billing Advice,Water,309,560,2010103
,3/21/2020,06:00:00,99155161,RAY012,99155138,RAY012,Invoice - AMI Billing RC - Electricity,ELEC,324,550,2010332
,3/21/2020,12:00:00,99155162,RAY013,99155139,RAY013,Invoice - AMI Billing RC - Sanitation,Sanitation,309,510,2010341
,3/21/2020,18:00:00,99155163,RAY014,99155140,RAY014,AR Receipt,Payment ,1,570,2010061
,3/22/2020,00:00:00,99155160,RAY011,99155137,RAY011,Billing Advice,Water,315,570,2010103
,3/22/2020,06:00:00,99155161,RAY012,99155138,RAY012,Invoice - AMI Billing RC - Electricity,ELEC,330,560,2010332
,3/22/2020,12:00:00,99155162,RAY013,99155139,RAY013,Invoice - AMI Billing RC - Sanitation,Sanitation,315,520,2010341
,3/22/2020,18:00:00,99155163,RAY014,99155140,RAY014,AR Receipt,Payment ,1,580,2010061
,3/23/2020,00:00:00,99155160,RAY011,99155137,RAY011,Billing Advice,Water,321,580,2010103
,3/23/2020,06:00:00,99155161,RAY012,99155138,RAY012,Invoice - AMI Billing RC - Electricity,ELEC,336,570,2010332
,3/23/2020,12:00:00,99155162,RAY013,99155139,RAY013,Invoice - AMI Billing RC - Sanitation,Sanitation,321,530,2010341
,3/23/2020,18:00:00,99155163,RAY014,99155140,RAY014,AR Receipt,Payment ,1,590,2010061
,3/24/2020,00:00:00,99155160,RAY011,99155137,RAY011,Billing Advice,Water,327,590,2010103
,3/24/2020,06:00:00,99155161,RAY012,99155138,RAY012,Invoice - AMI Billing RC - Electricity,ELEC,342,580,2010332
,3/24/2020,12:00:00,99155162,RAY013,99155139,RAY013,Invoice - AMI Billing RC - Sanitation,Sanitation,327,540,2010341
,3/24/2020,18:00:00,99155163,RAY014,99155140,RAY014,AR Receipt,Payment ,1,600,2010061
,3/25/2020,00:00:00,99155160,RAY011,99155137,RAY011,Billing Advice,Water,333,600,2010103
,3/25/2020,06:00:00,99155161,RAY012,99155138,RAY012,Invoice - AMI Billing RC - Electricity,ELEC,348,590,2010332
,3/25/2020,12:00:00,99155162,RAY013,99155139,RAY013,Invoice - AMI Billing RC - Sanitation,Sanitation,333,550,2010341
,3/25/2020,18:00:00,99155163,RAY014,99155140,RAY014,AR Receipt,Payment ,1,610,2010061
,3/26/2020,00:00:00,99155160,RAY011,99155137,RAY011,Billing Advice,Water,339,610,2010103
,3/26/2020,06:00:00,99155161,RAY012,99155138,RAY012,Invoice - AMI Billing RC - Electricity,ELEC,354,600,2010332
,3/26/2020,12:00:00,99155162,RAY013,99155139,RAY013,Invoice - AMI Billing RC - Sanitation,Sanitation,339,560,2010341
,3/26/2020,18:00:00,99155163,RAY014,99155140,RAY014,AR Receipt,Payment ,1,620,2010061
,3/27/2020,00:00:00,99155160,RAY011,99155137,RAY011,Billing Advice,Water,345,620,2010103
,3/27/2020,06:00:00,99155161,RAY012,99155138,RAY012,Invoice - AMI Billing RC - Electricity,ELEC,360,610,2010332
,3/27/2020,12:00:00,99155162,RAY013,99155139,RAY013,Invoice - AMI Billing RC - Sanitation,Sanitation,345,570,2010341
,3/27/2020,18:00:00,99155163,RAY014,99155140,RAY014,AR Receipt,Payment ,1,630,2010061
,3/28/2020,00:00:00,99155160,RAY011,99155137,RAY011,Billing Advice,Water,351,630,2010103
,3/28/2020,06:00:00,99155161,RAY012,99155138,RAY012,Invoice - AMI Billing RC - Electricity,ELEC,366,620,2010332
,3/28/2020,12:00:00,99155162,RAY013,99155139,RAY013,Invoice - AMI Billing RC - Sanitation,Sanitation,351,580,2010341
,3/28/2020,18:00:00,99155163,RAY014,99155140,RAY014,AR Receipt,Payment ,1,640,2010061
,3/29/2020,00:00:00,99155160,RAY011,99155137,RAY011,Billing Advice,Water,357,640,2010103
,3/29/2020,06:00:00,99155161,RAY012,99155138,RAY012,Invoice - AMI Billing RC - Electricity,ELEC,372,630,2010332
,3/29/2020,12:00:00,99155162,RAY013,99155139,RAY013,Invoice - AMI Billing RC - Sanitation,Sanitation,357,590,2010341
,3/29/2020,18:00:00,99155163,RAY014,99155140,RAY014,AR Receipt,Payment ,1,650,2010061
,3/30/2020,00:00:00,99155160,RAY011,99155137,RAY011,Billing Advice,Water,363,650,2010103
,3/30/2020,06:00:00,99155161,RAY012,99155138,RAY012,Invoice - AMI Billing RC - Electricity,ELEC,378,640,2010332
,3/30/2020,12:00:00,99155162,RAY013,99155139,RAY013,Invoice - AMI Billing RC - Sanitation,Sanitation,363,600,2010341
,3/30/2020,18:00:00,99155163,RAY014,99155140,RAY014,AR Receipt,Payment ,1,660,2010061
,3/31/2020,00:00:00,99155160,RAY011,99155137,RAY011,Billing Advice,Water,369,660,2010103
,3/31/2020,06:00:00,99155161,RAY012,99155138,RAY012,Invoice - AMI Billing RC - Electricity,ELEC,384,650,2010332
,3/31/2020,12:00:00,99155162,RAY013,99155139,RAY013,Invoice - AMI Billing RC - Sanitation,Sanitation,369,610,2010341
,3/31/2020,18:00:00,99155163,RAY014,99155140,RAY014,AR Receipt,Payment ,1,670,2010061
,4/1/2020,00:00:00,99155160,RAY011,99155137,RAY011,Billing Advice,Water,375,670,2010103
,4/1/2020,06:00:00,99155161,RAY012,99155138,RAY012,Invoice - AMI Billing RC - Electricity,ELEC,390,660,2010332
,4/1/2020,12:00:00,99155162,RAY013,99155139,RAY013,Invoice - AMI Billing RC - Sanitation,Sanitation,375,620,2010341
,4/1/2020,18:00:00,99155163,RAY014,99155140,RAY014,AR Receipt,Payment ,1,680,2010061
,4/2/2020,00:00:00,99155160,RAY011,99155137,RAY011,Billing Advice,Water,381,680,2010103
,4/2/2020,06:00:00,99155161,RAY012,99155138,RAY012,Invoice - AMI Billing RC - Electricity,ELEC,396,670,2010332
,4/2/2020,12:00:00,99155162,RAY013,99155139,RAY013,Invoice - AMI Billing RC - Sanitation,Sanitation,381,630,2010341
,4/2/2020,18:00:00,99155163,RAY014,99155140,RAY014,AR Receipt,Payment ,1,690,2010061
,4/3/2020,00:00:00,99155160,RAY011,99155137,RAY011,Billing Advice,Water,387,690,2010103
,4/3/2020,06:00:00,99155161,RAY012,99155138,RAY012,Invoice - AMI Billing RC - Electricity,ELEC,402,680,2010332
,4/3/2020,12:00:00,99155162,RAY013,99155139,RAY013,Invoice - AMI Billing RC - Sanitation,Sanitation,387,640,2010341
,4/3/2020,18:00:00,99155163,RAY014,99155140,RAY014,AR Receipt,Payment ,1,700,2010061
,4/4/2020,00:00:00,99155160,RAY011,99155137,RAY011,Billing Advice,Water,393,700,2010103
,4/4/2020,06:00:00,99155161,RAY012,99155138,RAY012,Invoice - AMI Billing RC - Electricity,ELEC,408,690,2010332
,4/4/2020,12:00:00,99155162,RAY013,99155139,RAY013,Invoice - AMI Billing RC - Sanitation,Sanitation,393,650,2010341
,4/4/2020,18:00:00,99155163,RAY014,99155140,RAY014,AR Receipt,Payment ,1,710,2010061
,4/5/2020,00:00:00,99155160,RAY011,99155137,RAY011,Billing Advice,Water,399,710,2010103
,4/5/2020,06:00:00,99155161,RAY012,99155138,RAY012,Invoice - AMI Billing RC - Electricity,ELEC,414,700,2010332
,4/5/2020,12:00:00,99155162,RAY013,99155139,RAY013,Invoice - AMI Billing RC - Sanitation,Sanitation,399,660,2010341
,4/5/2020,18:00:00,99155163,RAY014,99155140,RAY014,AR Receipt,Payment ,1,720,2010061
,4/6/2020,00:00:00,99155160,RAY011,99155137,RAY011,Billing Advice,Water,405,720,2010103
,4/6/2020,06:00:00,99155161,RAY012,99155138,RAY012,Invoice - AMI Billing RC - Electricity,ELEC,420,710,2010332
,4/6/2020,12:00:00,99155162,RAY013,99155139,RAY013,Invoice - AMI Billing RC - Sanitation,Sanitation,405,670,2010341
,4/6/2020,18:00:00,99155163,RAY014,99155140,RAY014,AR Receipt,Payment ,1,730,2010061
,4/7/2020,00:00:00,99155160,RAY011,99155137,RAY011,Billing Advice,Water,411,730,2010103
,4/7/2020,06:00:00,99155161,RAY012,99155138,RAY012,Invoice - AMI Billing RC - Electricity,ELEC,426,720,2010332
,4/7/2020,12:00:00,99155162,RAY013,99155139,RAY013,Invoice - AMI Billing RC - Sanitation,Sanitation,411,680,2010341
,4/7/2020,18:00:00,99155163,RAY014,99155140,RAY014,AR Receipt,Payment ,1,740,2010061
,4/8/2020,00:00:00,99155160,RAY011,99155137,RAY011,Billing Advice,Water,417,740,2010103
,4/8/2020,06:00:00,99155161,RAY012,99155138,RAY012,Invoice - AMI Billing RC - Electricity,ELEC,432,730,2010332
,4/8/2020,12:00:00,99155162,RAY013,99155139,RAY013,Invoice - AMI Billing RC - Sanitation,Sanitation,417,690,2010341
,4/8/2020,18:00:00,99155163,RAY014,99155140,RAY014,AR Receipt,Payment ,1,750,2010061
,4/9/2020,00:00:00,99155160,RAY011,99155137,RAY011,Billing Advice,Water,423,750,2010103
,4/9/2020,06:00:00,99155161,RAY012,99155138,RAY012,Invoice - AMI Billing RC - Electricity,ELEC,438,740,2010332
,4/9/2020,12:00:00,99155162,RAY013,99155139,RAY013,Invoice - AMI Billing RC - Sanitation,Sanitation,423,700,2010341
,4/9/2020,18:00:00,99155163,RAY014,99155140,RAY014,AR Receipt,Payment ,1,760,2010061
,4/10/2020,00:00:00,99155160,RAY011,99155137,RAY011,Billing Advice,Water,429,760,2010103
,4/10/2020,06:00:00,99155161,RAY012,99155138,RAY012,Invoice - AMI Billing RC - Electricity,ELEC,444,750,2010332
,4/10/2020,12:00:00,99155162,RAY013,99155139,RAY013,Invoice - AMI Billing RC - Sanitation,Sanitation,429,710,2010341
,4/10/2020,18:00:00,99155163,RAY014,99155140,RAY014,AR Receipt,Payment ,1,770,2010061
,4/11/2020,00:00:00,99155160,RAY011,99155137,RAY011,Billing Advice,Water,435,770,2010103
,4/11/2020,06:00:00,99155161,RAY012,99155138,RAY012,Invoice - AMI Billing RC - Electricity,ELEC,450,760,2010332
,4/11/2020,12:00:00,99155162,RAY013,99155139,RAY013,Invoice - AMI Billing RC - Sanitation,Sanitation,435,720,2010341
,4/11/2020,18:00:00,99155163,RAY014,99155140,RAY014,AR Receipt,Payment ,1,780,2010061
,4/12/2020,00:00:00,99155160,RAY011,99155137,RAY011,Billing Advice,Water,441,780,2010103
,4/12/2020,06:00:00,99155161,RAY012,99155138,RAY012,Invoice - AMI Billing RC - Electricity,ELEC,456,770,2010332
,4/12/2020,12:00:00,99155162,RAY013,99155139,RAY013,Invoice - AMI Billing RC - Sanitation,Sanitation,441,730,2010341
,4/12/2020,18:00:00,99155163,RAY014,99155140,RAY014,AR Receipt,Payment ,1,790,2010061
,4/13/2020,00:00:00,99155160,RAY011,99155137,RAY011,Billing Advice,Water,447,790,2010103
,4/13/2020,06:00:00,99155161,RAY012,99155138,RAY012,Invoice - AMI Billing RC - Electricity,ELEC,462,780,2010332
,4/13/2020,12:00:00,99155162,RAY013,99155139,RAY013,Invoice - AMI Billing RC - Sanitation,Sanitation,447,740,2010341
,4/13/2020,18:00:00,99155163,RAY014,99155140,RAY014,AR Receipt,Payment ,1,800,2010061
,4/14/2020,00:00:00,99155160,RAY011,99155137,RAY011,Billing Advice,Water,453,800,2010103
,4/14/2020,06:00:00,99155161,RAY012,99155138,RAY012,Invoice - AMI Billing RC - Electricity,ELEC,468,790,2010332
,4/14/2020,12:00:00,99155162,RAY013,99155139,RAY013,Invoice - AMI Billing RC - Sanitation,Sanitation,453,750,2010341
,4/14/2020,18:00:00,99155163,RAY014,99155140,RAY014,AR Receipt,Payment ,1,810,2010061
,4/15/2020,00:00:00,99155160,RAY011,99155137,RAY011,Billing Advice,Water,459,810,2010103
,4/15/2020,06:00:00,99155161,RAY012,99155138,RAY012,Invoice - AMI Billing RC - Electricity,ELEC,474,800,2010332
,4/15/2020,12:00:00,99155162,RAY013,99155139,RAY013,Invoice - AMI Billing RC - Sanitation,Sanitation,459,760,2010341
,4/15/2020,18:00:00,99155163,RAY014,99155140,RAY014,AR Receipt,Payment ,1,820,2010061
,4/16/2020,00:00:00,99155160,RAY011,99155137,RAY011,Billing Advice,Water,465,820,2010103
,4/16/2020,06:00:00,99155161,RAY012,99155138,RAY012,Invoice - AMI Billing RC - Electricity,ELEC,480,810,2010332
,4/16/2020,12:00:00,99155162,RAY013,99155139,RAY013,Invoice - AMI Billing RC - Sanitation,Sanitation,465,770,2010341
,4/16/2020,18:00:00,99155163,RAY014,99155140,RAY014,AR Receipt,Payment ,1,830,2010061
,4/17/2020,00:00:00,99155160,RAY011,99155137,RAY011,Billing Advice,Water,471,830,2010103
,4/17/2020,06:00:00,99155161,RAY012,99155138,RAY012,Invoice - AMI Billing RC - Electricity,ELEC,486,820,2010332
,4/17/2020,12:00:00,99155162,RAY013,99155139,RAY013,Invoice - AMI Billing RC - Sanitation,Sanitation,471,780,2010341
,4/17/2020,18:00:00,99155163,RAY014,99155140,RAY014,AR Receipt,Payment ,1,840,2010061
,4/18/2020,00:00:00,99155160,RAY011,99155137,RAY011,Billing Advice,Water,477,840,2010103
,4/18/2020,06:00:00,99155161,RAY012,99155138,RAY012,Invoice - AMI Billing RC - Electricity,ELEC,492,830,2010332
,4/18/2020,12:00:00,99155162,RAY013,99155139,RAY013,Invoice - AMI Billing RC - Sanitation,Sanitation,477,790,2010341
,4/18/2020,18:00:00,99155163,RAY014,99155140,RAY014,AR Receipt,Payment ,1,850,2010061
,4/19/2020,00:00:00,99155160,RAY011,99155137,RAY011,Billing Advice,Water,483,850,2010103
,4/19/2020,06:00:00,99155161,RAY012,99155138,RAY012,Invoice - AMI Billing RC - Electricity,ELEC,498,840,2010332
,4/19/2020,12:00:00,99155162,RAY013,99155139,RAY013,Invoice - AMI Billing RC - Sanitation,Sanitation,483,800,2010341
,4/19/2020,18:00:00,99155163,RAY014,99155140,RAY014,AR Receipt,Payment ,1,860,2010061
,4/20/2020,00:00:00,99155160,RAY011,99155137,RAY011,Billing Advice,Water,489,860,2010103
,4/20/2020,06:00:00,99155161,RAY012,99155138,RAY012,Invoice - AMI Billing RC - Electricity,ELEC,504,850,2010332
,4/20/2020,12:00:00,99155162,RAY013,99155139,RAY013,Invoice - AMI Billing RC - Sanitation,Sanitation,489,810,2010341
,4/20/2020,18:00:00,99155163,RAY014,99155140,RAY014,AR Receipt,Payment ,1,870,2010061
,4/21/2020,00:00:00,99155160,RAY011,99155137,RAY011,Billing Advice,Water,495,870,2010103
,4/21/2020,06:00:00,99155161,RAY012,99155138,RAY012,Invoice - AMI Billing RC - Electricity,ELEC,510,860,2010332
,4/21/2020,12:00:00,99155162,RAY013,99155139,RAY013,Invoice - AMI Billing RC - Sanitation,Sanitation,495,820,2010341
,4/21/2020,18:00:00,99155163,RAY014,99155140,RAY014,AR Receipt,Payment ,1,880,2010061
,4/22/2020,00:00:00,99155160,RAY011,99155137,RAY011,Billing Advice,Water,501,880,2010103
,4/22/2020,06:00:00,99155161,RAY012,99155138,RAY012,Invoice - AMI Billing RC - Electricity,ELEC,516,870,2010332
,4/22/2020,12:00:00,99155162,RAY013,99155139,RAY013,Invoice - AMI Billing RC - Sanitation,Sanitation,501,830,2010341
,4/22/2020,18:00:00,99155163,RAY014,99155140,RAY014,AR Receipt,Payment ,1,890,2010061
,4/23/2020,00:00:00,99155160,RAY011,99155137,RAY011,Billing Advice,Water,507,890,2010103
,4/23/2020,06:00:00,99155161,RAY012,99155138,RAY012,Invoice - AMI Billing RC - Electricity,ELEC,522,880,2010332
,4/23/2020,12:00:00,99155162,RAY013,99155139,RAY013,Invoice - AMI Billing RC - Sanitation,Sanitation,507,840,2010341
,4/23/2020,18:00:00,99155163,RAY014,99155140,RAY014,AR Receipt,Payment ,1,900,2010061
,4/24/2020,00:00:00,99155160,RAY011,99155137,RAY011,Billing Advice,Water,513,900,2010103
,4/24/2020,06:00:00,99155161,RAY012,99155138,RAY012,Invoice - AMI Billing RC - Electricity,ELEC,528,890,2010332
,4/24/2020,12:00:00,99155162,RAY013,99155139,RAY013,Invoice - AMI Billing RC - Sanitation,Sanitation,513,850,2010341
,4/24/2020,18:00:00,99155163,RAY014,99155140,RAY014,AR Receipt,Payment ,1,910,2010061
,4/25/2020,00:00:00,99155160,RAY011,99155137,RAY011,Billing Advice,Water,519,910,2010103
,4/25/2020,06:00:00,99155161,RAY012,99155138,RAY012,Invoice - AMI Billing RC - Electricity,ELEC,534,900,2010332
,4/25/2020,12:00:00,99155162,RAY013,99155139,RAY013,Invoice - AMI Billing RC - Sanitation,Sanitation,519,860,2010341
,4/25/2020,18:00:00,99155163,RAY014,99155140,RAY014,AR Receipt,Payment ,1,920,2010061
,4/26/2020,00:00:00,99155160,RAY011,99155137,RAY011,Billing Advice,Water,525,920,2010103
,4/26/2020,06:00:00,99155161,RAY012,99155138,RAY012,Invoice - AMI Billing RC - Electricity,ELEC,540,910,2010332
,4/26/2020,12:00:00,99155162,RAY013,99155139,RAY013,Invoice - AMI Billing RC - Sanitation,Sanitation,525,870,2010341
,4/26/2020,18:00:00,99155163,RAY014,99155140,RAY014,AR Receipt,Payment ,1,930,2010061
,4/27/2020,00:00:00,99155160,RAY011,99155137,RAY011,Billing Advice,Water,531,930,2010103
,4/27/2020,06:00:00,99155161,RAY012,99155138,RAY012,Invoice - AMI Billing RC - Electricity,ELEC,546,920,2010332
,4/27/2020,12:00:00,99155162,RAY013,99155139,RAY013,Invoice - AMI Billing RC - Sanitation,Sanitation,531,880,2010341
,4/27/2020,18:00:00,99155163,RAY014,99155140,RAY014,AR Receipt,Payment ,1,940,2010061
,4/28/2020,00:00:00,99155160,RAY011,99155137,RAY011,Billing Advice,Water,537,940,2010103
,4/28/2020,06:00:00,99155161,RAY012,99155138,RAY012,Invoice - AMI Billing RC - Electricity,ELEC,552,930,2010332
,4/28/2020,12:00:00,99155162,RAY013,99155139,RAY013,Invoice - AMI Billing RC - Sanitation,Sanitation,537,890,2010341
,4/28/2020,18:00:00,99155163,RAY014,99155140,RAY014,AR Receipt,Payment ,1,950,2010061
,4/29/2020,00:00:00,99155160,RAY011,99155137,RAY011,Billing Advice,Water,543,950,2010103
,4/29/2020,06:00:00,99155161,RAY012,99155138,RAY012,Invoice - AMI Billing RC - Electricity,ELEC,558,940,2010332
,4/29/2020,12:00:00,99155162,RAY013,99155139,RAY013,Invoice - AMI Billing RC - Sanitation,Sanitation,543,900,2010341
,4/29/2020,18:00:00,99155163,RAY014,99155140,RAY014,AR Receipt,Payment ,1,960,2010061
,4/30/2020,00:00:00,99155160,RAY011,99155137,RAY011,Billing Advice,Water,549,960,2010103
,4/30/2020,06:00:00,99155161,RAY012,99155138,RAY012,Invoice - AMI Billing RC - Electricity,ELEC,564,950,2010332
,4/30/2020,12:00:00,99155162,RAY013,99155139,RAY013,Invoice - AMI Billing RC - Sanitation,Sanitation,549,910,2010341
,4/30/2020,18:00:00,99155163,RAY014,99155140,RAY014,AR Receipt,Payment ,1,970,2010061
,5/1/2020,00:00:00,99155160,RAY011,99155137,RAY011,Billing Advice,Water,555,970,2010103
,5/1/2020,06:00:00,99155161,RAY012,99155138,RAY012,Invoice - AMI Billing RC - Electricity,ELEC,570,960,2010332
,5/1/2020,12:00:00,99155162,RAY013,99155139,RAY013,Invoice - AMI Billing RC - Sanitation,Sanitation,555,920,2010341
,5/1/2020,18:00:00,99155163,RAY014,99155140,RAY014,AR Receipt,Payment ,1,980,2010061
,5/2/2020,00:00:00,99155160,RAY011,99155137,RAY011,Billing Advice,Water,561,980,2010103
,5/2/2020,06:00:00,99155161,RAY012,99155138,RAY012,Invoice - AMI Billing RC - Electricity,ELEC,576,970,2010332
,5/2/2020,12:00:00,99155162,RAY013,99155139,RAY013,Invoice - AMI Billing RC - Sanitation,Sanitation,561,930,2010341
,5/2/2020,18:00:00,99155163,RAY014,99155140,RAY014,AR Receipt,Payment ,1,990,2010061
,5/3/2020,00:00:00,99155160,RAY011,99155137,RAY011,Billing Advice,Water,567,990,2010103
,5/3/2020,06:00:00,99155161,RAY012,99155138,RAY012,Invoice - AMI Billing RC - Electricity,ELEC,582,980,2010332
,5/3/2020,12:00:00,99155162,RAY013,99155139,RAY013,Invoice - AMI Billing RC - Sanitation,Sanitation,567,940,2010341
,5/3/2020,18:00:00,99155163,RAY014,99155140,RAY014,AR Receipt,Payment ,1,1000,2010061
,5/4/2020,00:00:00,99155160,RAY011,99155137,RAY011,Billing Advice,Water,573,1000,2010103
,5/4/2020,06:00:00,99155161,RAY012,99155138,RAY012,Invoice - AMI Billing RC - Electricity,ELEC,588,990,2010332
,5/4/2020,12:00:00,99155162,RAY013,99155139,RAY013,Invoice - AMI Billing RC - Sanitation,Sanitation,573,950,2010341
,5/4/2020,18:00:00,99155163,RAY014,99155140,RAY014,AR Receipt,Payment ,1,1010,2010061
,5/5/2020,00:00:00,99155160,RAY011,99155137,RAY011,Billing Advice,Water,579,1010,2010103
,5/5/2020,06:00:00,99155161,RAY012,99155138,RAY012,Invoice - AMI Billing RC - Electricity,ELEC,594,1000,2010332
,5/5/2020,12:00:00,99155162,RAY013,99155139,RAY013,Invoice - AMI Billing RC - Sanitation,Sanitation,579,960,2010341
,5/5/2020,18:00:00,99155163,RAY014,99155140,RAY014,AR Receipt,Payment ,1,1020,2010061
,5/6/2020,00:00:00,99155160,RAY011,99155137,RAY011,Billing Advice,Water,585,1020,2010103
,5/6/2020,06:00:00,99155161,RAY012,99155138,RAY012,Invoice - AMI Billing RC - Electricity,ELEC,600,1010,2010332
,5/6/2020,12:00:00,99155162,RAY013,99155139,RAY013,Invoice - AMI Billing RC - Sanitation,Sanitation,585,970,2010341
,5/6/2020,18:00:00,99155163,RAY014,99155140,RAY014,AR Receipt,Payment ,1,1030,2010061
,5/7/2020,00:00:00,99155160,RAY011,99155137,RAY011,Billing Advice,Water,591,1030,2010103
,5/7/2020,06:00:00,99155161,RAY012,99155138,RAY012,Invoice - AMI Billing RC - Electricity,ELEC,606,1020,2010332
,5/7/2020,12:00:00,99155162,RAY013,99155139,RAY013,Invoice - AMI Billing RC - Sanitation,Sanitation,591,980,2010341
,5/7/2020,18:00:00,99155163,RAY014,99155140,RAY014,AR Receipt,Payment ,1,1040,2010061
,5/8/2020,00:00:00,99155160,RAY011,99155137,RAY011,Billing Advice,Water,597,1040,2010103
,5/8/2020,06:00:00,99155161,RAY012,99155138,RAY012,Invoice - AMI Billing RC - Electricity,ELEC,612,1030,2010332
,5/8/2020,12:00:00,99155162,RAY013,99155139,RAY013,Invoice - AMI Billing RC - Sanitation,Sanitation,597,990,2010341
,5/8/2020,18:00:00,99155163,RAY014,99155140,RAY014,AR Receipt,Payment ,1,1050,2010061
,5/9/2020,00:00:00,99155160,RAY011,99155137,RAY011,Billing Advice,Water,603,1050,2010103
,5/9/2020,06:00:00,99155161,RAY012,99155138,RAY012,Invoice - AMI Billing RC - Electricity,ELEC,618,1040,2010332
,5/9/2020,12:00:00,99155162,RAY013,99155139,RAY013,Invoice - AMI Billing RC - Sanitation,Sanitation,603,1000,2010341
,5/9/2020,18:00:00,99155163,RAY014,99155140,RAY014,AR Receipt,Payment ,1,1060,2010061
,5/10/2020,00:00:00,99155160,RAY011,99155137,RAY011,Billing Advice,Water,609,1060,2010103
,5/10/2020,06:00:00,99155161,RAY012,99155138,RAY012,Invoice - AMI Billing RC - Electricity,ELEC,624,1050,2010332
,5/10/2020,12:00:00,99155162,RAY013,99155139,RAY013,Invoice - AMI Billing RC - Sanitation,Sanitation,609,1010,2010341
,5/10/2020,18:00:00,99155163,RAY014,99155140,RAY014,AR Receipt,Payment ,1,1070,2010061
,5/11/2020,00:00:00,99155160,RAY011,99155137,RAY011,Billing Advice,Water,615,1070,2010103
,5/11/2020,06:00:00,99155161,RAY012,99155138,RAY012,Invoice - AMI Billing RC - Electricity,ELEC,630,1060,2010332
,5/11/2020,12:00:00,99155162,RAY013,99155139,RAY013,Invoice - AMI Billing RC - Sanitation,Sanitation,615,1020,2010341
,5/11/2020,18:00:00,99155163,RAY014,99155140,RAY014,AR Receipt,Payment ,1,1080,2010061
,5/12/2020,00:00:00,99155160,RAY011,99155137,RAY011,Billing Advice,Water,621,1080,2010103
,5/12/2020,06:00:00,99155161,RAY012,99155138,RAY012,Invoice - AMI Billing RC - Electricity,ELEC,636,1070,2010332
,5/12/2020,12:00:00,99155162,RAY013,99155139,RAY013,Invoice - AMI Billing RC - Sanitation,Sanitation,621,1030,2010341
,5/12/2020,18:00:00,99155163,RAY014,99155140,RAY014,AR Receipt,Payment ,1,1090,2010061
,5/13/2020,00:00:00,99155160,RAY011,99155137,RAY011,Billing Advice,Water,627,1090,2010103
,5/13/2020,06:00:00,99155161,RAY012,99155138,RAY012,Invoice - AMI Billing RC - Electricity,ELEC,642,1080,2010332
,5/13/2020,12:00:00,99155162,RAY013,99155139,RAY013,Invoice - AMI Billing RC - Sanitation,Sanitation,627,1040,2010341
,5/13/2020,18:00:00,99155163,RAY014,99155140,RAY014,AR Receipt,Payment ,1,1100,2010061
,5/14/2020,00:00:00,99155160,RAY011,99155137,RAY011,Billing Advice,Water,633,1100,2010103
,5/14/2020,06:00:00,99155161,RAY012,99155138,RAY012,Invoice - AMI Billing RC - Electricity,ELEC,648,1090,2010332
,5/14/2020,12:00:00,99155162,RAY013,99155139,RAY013,Invoice - AMI Billing RC - Sanitation,Sanitation,633,1050,2010341
,5/14/2020,18:00:00,99155163,RAY014,99155140,RAY014,AR Receipt,Payment ,1,1110,2010061
,5/15/2020,00:00:00,99155160,RAY011,99155137,RAY011,Billing Advice,Water,639,1110,2010103
,5/15/2020,06:00:00,99155161,RAY012,99155138,RAY012,Invoice - AMI Billing RC - Electricity,ELEC,654,1100,2010332
,5/15/2020,12:00:00,99155162,RAY013,99155139,RAY013,Invoice - AMI Billing RC - Sanitation,Sanitation,639,1060,2010341
,5/15/2020,18:00:00,99155163,RAY014,99155140,RAY014,AR Receipt,Payment ,1,1120,2010061
,5/16/2020,00:00:00,99155160,RAY011,99155137,RAY011,Billing Advice,Water,645,1120,2010103
,5/16/2020,06:00:00,99155161,RAY012,99155138,RAY012,Invoice - AMI Billing RC - Electricity,ELEC,660,1110,2010332
,5/16/2020,12:00:00,99155162,RAY013,99155139,RAY013,Invoice - AMI Billing RC - Sanitation,Sanitation,645,1070,2010341
,5/16/2020,18:00:00,99155163,RAY014,99155140,RAY014,AR Receipt,Payment ,1,1130,2010061
,5/17/2020,00:00:00,99155160,RAY011,99155137,RAY011,Billing Advice,Water,651,1130,2010103
,5/17/2020,06:00:00,99155161,RAY012,99155138,RAY012,Invoice - AMI Billing RC - Electricity,ELEC,666,1120,2010332
,5/17/2020,12:00:00,99155162,RAY013,99155139,RAY013,Invoice - AMI Billing RC - Sanitation,Sanitation,651,1080,2010341
,5/17/2020,18:00:00,99155163,RAY014,99155140,RAY014,AR Receipt,Payment ,1,1140,2010061
,5/18/2020,00:00:00,99155160,RAY011,99155137,RAY011,Billing Advice,Water,657,1140,2010103
,5/18/2020,06:00:00,99155161,RAY012,99155138,RAY012,Invoice - AMI Billing RC - Electricity,ELEC,672,1130,2010332
,5/18/2020,12:00:00,99155162,RAY013,99155139,RAY013,Invoice - AMI Billing RC - Sanitation,Sanitation,657,1090,2010341
,5/18/2020,18:00:00,99155163,RAY014,99155140,RAY014,AR Receipt,Payment ,1,1150,2010061
,5/19/2020,00:00:00,99155160,RAY011,99155137,RAY011,Billing Advice,Water,663,1150,2010103
,5/19/2020,06:00:00,99155161,RAY012,99155138,RAY012,Invoice - AMI Billing RC - Electricity,ELEC,678,1140,2010332
,5/19/2020,12:00:00,99155162,RAY013,99155139,RAY013,Invoice - AMI Billing RC - Sanitation,Sanitation,663,1100,2010341
,5/19/2020,18:00:00,99155163,RAY014,99155140,RAY014,AR Receipt,Payment ,1,1160,2010061
,5/20/2020,00:00:00,99155160,RAY011,99155137,RAY011,Billing Advice,Water,669,1160,2010103
,5/20/2020,06:00:00,99155161,RAY012,99155138,RAY012,Invoice - AMI Billing RC - Electricity,ELEC,684,1150,2010332
,5/20/2020,12:00:00,99155162,RAY013,99155139,RAY013,Invoice - AMI Billing RC - Sanitation,Sanitation,669,1110,2010341
,5/20/2020,18:00:00,99155163,RAY014,99155140,RAY014,AR Receipt,Payment ,1,1170,2010061
,5/21/2020,00:00:00,99155160,RAY011,99155137,RAY011,Billing Advice,Water,675,1170,2010103
,5/21/2020,06:00:00,99155161,RAY012,99155138,RAY012,Invoice - AMI Billing RC - Electricity,ELEC,690,1160,2010332
,5/21/2020,12:00:00,99155162,RAY013,99155139,RAY013,Invoice - AMI Billing RC - Sanitation,Sanitation,675,1120,2010341
,5/21/2020,18:00:00,99155163,RAY014,99155140,RAY014,AR Receipt,Payment ,1,1180,2010061
,5/22/2020,00:00:00,99155160,RAY011,99155137,RAY011,Billing Advice,Water,681,1180,2010103
,5/22/2020,06:00:00,99155161,RAY012,99155138,RAY012,Invoice - AMI Billing RC - Electricity,ELEC,696,1170,2010332
,5/22/2020,12:00:00,99155162,RAY013,99155139,RAY013,Invoice - AMI Billing RC - Sanitation,Sanitation,681,1130,2010341
,5/22/2020,18:00:00,99155163,RAY014,99155140,RAY014,AR Receipt,Payment ,1,1190,2010061
,5/23/2020,00:00:00,99155160,RAY011,99155137,RAY011,Billing Advice,Water,687,1190,2010103
,5/23/2020,06:00:00,99155161,RAY012,99155138,RAY012,Invoice - AMI Billing RC - Electricity,ELEC,702,1180,2010332
,5/23/2020,12:00:00,99155162,RAY013,99155139,RAY013,Invoice - AMI Billing RC - Sanitation,Sanitation,687,1140,2010341
,5/23/2020,18:00:00,99155163,RAY014,99155140,RAY014,AR Receipt,Payment ,1,1200,2010061
,5/24/2020,00:00:00,99155160,RAY011,99155137,RAY011,Billing Advice,Water,693,1200,2010103
,5/24/2020,06:00:00,99155161,RAY012,99155138,RAY012,Invoice - AMI Billing RC - Electricity,ELEC,708,1190,2010332
,5/24/2020,12:00:00,99155162,RAY013,99155139,RAY013,Invoice - AMI Billing RC - Sanitation,Sanitation,693,1150,2010341
,5/24/2020,18:00:00,99155163,RAY014,99155140,RAY014,AR Receipt,Payment ,1,1210,2010061
,5/25/2020,00:00:00,99155160,RAY011,99155137,RAY011,Billing Advice,Water,699,1210,2010103
,5/25/2020,06:00:00,99155161,RAY012,99155138,RAY012,Invoice - AMI Billing RC - Electricity,ELEC,714,1200,2010332
,5/25/2020,12:00:00,99155162,RAY013,99155139,RAY013,Invoice - AMI Billing RC - Sanitation,Sanitation,699,1160,2010341
,5/25/2020,18:00:00,99155163,RAY014,99155140,RAY014,AR Receipt,Payment ,1,1220,2010061
,5/26/2020,00:00:00,99155160,RAY011,99155137,RAY011,Billing Advice,Water,705,1220,2010103
,5/26/2020,06:00:00,99155161,RAY012,99155138,RAY012,Invoice - AMI Billing RC - Electricity,ELEC,720,1210,2010332
,5/26/2020,12:00:00,99155162,RAY013,99155139,RAY013,Invoice - AMI Billing RC - Sanitation,Sanitation,705,1170,2010341
,5/26/2020,18:00:00,99155163,RAY014,99155140,RAY014,AR Receipt,Payment ,1,1230,2010061
,5/27/2020,00:00:00,99155160,RAY011,99155137,RAY011,Billing Advice,Water,711,1230,2010103
,5/27/2020,06:00:00,99155161,RAY012,99155138,RAY012,Invoice - AMI Billing RC - Electricity,ELEC,726,1220,2010332
,5/27/2020,12:00:00,99155162,RAY013,99155139,RAY013,Invoice - AMI Billing RC - Sanitation,Sanitation,711,1180,2010341
,5/27/2020,18:00:00,99155163,RAY014,99155140,RAY014,AR Receipt,Payment ,1,1240,2010061
,5/28/2020,00:00:00,99155160,RAY011,99155137,RAY011,Billing Advice,Water,717,1240,2010103
,5/28/2020,06:00:00,99155161,RAY012,99155138,RAY012,Invoice - AMI Billing RC - Electricity,ELEC,732,1230,2010332
,5/28/2020,12:00:00,99155162,RAY013,99155139,RAY013,Invoice - AMI Billing RC - Sanitation,Sanitation,717,1190,2010341
,5/28/2020,18:00:00,99155163,RAY014,99155140,RAY014,AR Receipt,Payment ,1,1250,2010061
,5/29/2020,00:00:00,99155160,RAY011,99155137,RAY011,Billing Advice,Water,723,1250,2010103
,5/29/2020,06:00:00,99155161,RAY012,99155138,RAY012,Invoice - AMI Billing RC - Electricity,ELEC,738,1240,2010332
,5/29/2020,12:00:00,99155162,RAY013,99155139,RAY013,Invoice - AMI Billing RC - Sanitation,Sanitation,723,1200,2010341
,5/29/2020,18:00:00,99155163,RAY014,99155140,RAY014,AR Receipt,Payment ,1,1260,2010061
,5/30/2020,00:00:00,99155160,RAY011,99155137,RAY011,Billing Advice,Water,729,1260,2010103
,5/30/2020,06:00:00,99155161,RAY012,99155138,RAY012,Invoice - AMI Billing RC - Electricity,ELEC,744,1250,2010332
,5/30/2020,12:00:00,99155162,RAY013,99155139,RAY013,Invoice - AMI Billing RC - Sanitation,Sanitation,729,1210,2010341
,5/30/2020,18:00:00,99155163,RAY014,99155140,RAY014,AR Receipt,Payment ,1,1270,2010061
,5/31/2020,00:00:00,99155160,RAY011,99155137,RAY011,Billing Advice,Water,735,1270,2010103
,5/31/2020,06:00:00,99155161,RAY012,99155138,RAY012,Invoice - AMI Billing RC - Electricity,ELEC,750,1260,2010332
,5/31/2020,12:00:00,99155162,RAY013,99155139,RAY013,Invoice - AMI Billing RC - Sanitation,Sanitation,735,1220,2010341
,5/31/2020,18:00:00,99155163,RAY014,99155140,RAY014,AR Receipt,Payment ,1,1280,2010061
,6/1/2020,00:00:00,99155160,RAY011,99155137,RAY011,Billing Advice,Water,741,1280,2010103
,6/1/2020,06:00:00,99155161,RAY012,99155138,RAY012,Invoice - AMI Billing RC - Electricity,ELEC,756,1270,2010332
,6/1/2020,12:00:00,99155162,RAY013,99155139,RAY013,Invoice - AMI Billing RC - Sanitation,Sanitation,741,1230,2010341
,6/1/2020,18:00:00,99155163,RAY014,99155140,RAY014,AR Receipt,Payment ,1,1290,2010061
,6/2/2020,00:00:00,99155160,RAY011,99155137,RAY011,Billing Advice,Water,747,1290,2010103
,6/2/2020,06:00:00,99155161,RAY012,99155138,RAY012,Invoice - AMI Billing RC - Electricity,ELEC,762,1280,2010332
,6/2/2020,12:00:00,99155162,RAY013,99155139,RAY013,Invoice - AMI Billing RC - Sanitation,Sanitation,747,1240,2010341
,6/2/2020,18:00:00,99155163,RAY014,99155140,RAY014,AR Receipt,Payment ,1,1300,2010061
,6/3/2020,00:00:00,99155160,RAY011,99155137,RAY011,Billing Advice,Water,753,1300,2010103
,6/3/2020,06:00:00,99155161,RAY012,99155138,RAY012,Invoice - AMI Billing RC - Electricity,ELEC,768,1290,2010332
,6/3/2020,12:00:00,99155162,RAY013,99155139,RAY013,Invoice - AMI Billing RC - Sanitation,Sanitation,753,1250,2010341
,6/3/2020,18:00:00,99155163,RAY014,99155140,RAY014,AR Receipt,Payment ,1,1310,2010061
,6/4/2020,00:00:00,99155160,RAY011,99155137,RAY011,Billing Advice,Water,759,1310,2010103
,6/4/2020,06:00:00,99155161,RAY012,99155138,RAY012,Invoice - AMI Billing RC - Electricity,ELEC,774,1300,2010332
,6/4/2020,12:00:00,99155162,RAY013,99155139,RAY013,Invoice - AMI Billing RC - Sanitation,Sanitation,759,1260,2010341
,6/4/2020,18:00:00,99155163,RAY014,99155140,RAY014,AR Receipt,Payment ,1,1320,2010061
,6/5/2020,00:00:00,99155160,RAY011,99155137,RAY011,Billing Advice,Water,765,1320,2010103
,6/5/2020,06:00:00,99155161,RAY012,99155138,RAY012,Invoice - AMI Billing RC - Electricity,ELEC,780,1310,2010332
,6/5/2020,12:00:00,99155162,RAY013,99155139,RAY013,Invoice - AMI Billing RC - Sanitation,Sanitation,765,1270,2010341
,6/5/2020,18:00:00,99155163,RAY014,99155140,RAY014,AR Receipt,Payment ,1,1330,2010061
,6/6/2020,00:00:00,99155160,RAY011,99155137,RAY011,Billing Advice,Water,771,1330,2010103
,6/6/2020,06:00:00,99155161,RAY012,99155138,RAY012,Invoice - AMI Billing RC - Electricity,ELEC,786,1320,2010332
,6/6/2020,12:00:00,99155162,RAY013,99155139,RAY013,Invoice - AMI Billing RC - Sanitation,Sanitation,771,1280,2010341
,6/6/2020,18:00:00,99155163,RAY014,99155140,RAY014,AR Receipt,Payment ,1,1340,2010061
,6/7/2020,00:00:00,99155160,RAY011,99155137,RAY011,Billing Advice,Water,777,1340,2010103
,6/7/2020,06:00:00,99155161,RAY012,99155138,RAY012,Invoice - AMI Billing RC - Electricity,ELEC,792,1330,2010332
,6/7/2020,12:00:00,99155162,RAY013,99155139,RAY013,Invoice - AMI Billing RC - Sanitation,Sanitation,777,1290,2010341
,6/7/2020,18:00:00,99155163,RAY014,99155140,RAY014,AR Receipt,Payment ,1,1350,2010061
,6/8/2020,00:00:00,99155160,RAY011,99155137,RAY011,Billing Advice,Water,783,1350,2010103
,6/8/2020,06:00:00,99155161,RAY012,99155138,RAY012,Invoice - AMI Billing RC - Electricity,ELEC,798,1340,2010332
,6/8/2020,12:00:00,99155162,RAY013,99155139,RAY013,Invoice - AMI Billing RC - Sanitation,Sanitation,783,1300,2010341
,6/8/2020,18:00:00,99155163,RAY014,99155140,RAY014,AR Receipt,Payment ,1,1360,2010061
,6/9/2020,00:00:00,99155160,RAY011,99155137,RAY011,Billing Advice,Water,789,1360,2010103
,6/9/2020,06:00:00,99155161,RAY012,99155138,RAY012,Invoice - AMI Billing RC - Electricity,ELEC,804,1350,2010332
,6/9/2020,12:00:00,99155162,RAY013,99155139,RAY013,Invoice - AMI Billing RC - Sanitation,Sanitation,789,1310,2010341
,6/9/2020,18:00:00,99155163,RAY014,99155140,RAY014,AR Receipt,Payment ,1,1370,2010061
,6/10/2020,00:00:00,99155160,RAY011,99155137,RAY011,Billing Advice,Water,795,1370,2010103
,6/10/2020,06:00:00,99155161,RAY012,99155138,RAY012,Invoice - AMI Billing RC - Electricity,ELEC,810,1360,2010332
,6/10/2020,12:00:00,99155162,RAY013,99155139,RAY013,Invoice - AMI Billing RC - Sanitation,Sanitation,795,1320,2010341
,6/10/2020,18:00:00,99155163,RAY014,99155140,RAY014,AR Receipt,Payment ,1,1380,2010061
,6/10/2020,00:00:00,99155162,RAY013,99155139,RAY013,Invoice - AMI Billing RC - Sanitation,Sanitation,801,1380,2010341
,6/10/2020,06:00:00,99155163,RAY014,99155140,RAY014,AR Receipt,Payment ,1,1370,2010061
,6/11/2020,12:00:00,99155160,RAY011,99155137,RAY011,Billing Advice,Water,801,1330,2010103
,6/11/2020,18:00:00,99155161,RAY012,99155138,RAY012,Invoice - AMI Billing RC - Electricity,ELEC,7,1390,2010332
,6/11/2020,00:00:00,99155162,RAY013,99155139,RAY013,Invoice - AMI Billing RC - Sanitation,Sanitation,807,1390,2010341
,6/11/2020,06:00:00,99155163,RAY014,99155140,RAY014,AR Receipt,Payment ,1,1380,2010061
,6/12/2020,12:00:00,99155160,RAY011,99155137,RAY011,Billing Advice,Water,807,1340,2010103
,6/12/2020,18:00:00,99155161,RAY012,99155138,RAY012,Invoice - AMI Billing RC - Electricity,ELEC,13,1400,2010332
,6/12/2020,00:00:00,99155162,RAY013,99155139,RAY013,Invoice - AMI Billing RC - Sanitation,Sanitation,813,1400,2010341
,6/12/2020,06:00:00,99155163,RAY014,99155140,RAY014,AR Receipt,Payment ,1,1390,2010061
,6/13/2020,12:00:00,99155160,RAY011,99155137,RAY011,Billing Advice,Water,813,1350,2010103
,6/13/2020,18:00:00,99155161,RAY012,99155138,RAY012,Invoice - AMI Billing RC - Electricity,ELEC,19,1410,2010332
,6/13/2020,00:00:00,99155162,RAY013,99155139,RAY013,Invoice - AMI Billing RC - Sanitation,Sanitation,819,1410,2010341
,6/13/2020,06:00:00,99155163,RAY014,99155140,RAY014,AR Receipt,Payment ,1,1400,2010061
,6/14/2020,12:00:00,99155160,RAY011,99155137,RAY011,Billing Advice,Water,819,1360,2010103
,6/14/2020,18:00:00,99155161,RAY012,99155138,RAY012,Invoice - AMI Billing RC - Electricity,ELEC,25,1420,2010332
,6/14/2020,00:00:00,99155162,RAY013,99155139,RAY013,Invoice - AMI Billing RC - Sanitation,Sanitation,825,1420,2010341
,6/14/2020,06:00:00,99155163,RAY014,99155140,RAY014,AR Receipt,Payment ,1,1410,2010061
,6/15/2020,12:00:00,99155160,RAY011,99155137,RAY011,Billing Advice,Water,825,1370,2010103
,6/15/2020,18:00:00,99155161,RAY012,99155138,RAY012,Invoice - AMI Billing RC - Electricity,ELEC,31,1430,2010332
,6/15/2020,00:00:00,99155162,RAY013,99155139,RAY013,Invoice - AMI Billing RC - Sanitation,Sanitation,831,1430,2010341
,6/15/2020,06:00:00,99155163,RAY014,99155140,RAY014,AR Receipt,Payment ,1,1420,2010061
,6/15/2020,12:00:00,99155162,RAY013,99155139,RAY013,Invoice - AMI Billing RC - Sanitation,Sanitation,831,1380,2010341
,6/15/2020,18:00:00,99155163,RAY014,99155140,RAY014,AR Receipt,Payment ,1,1440,2010061
,6/16/2020,00:00:00,99155160,RAY011,99155137,RAY011,Billing Advice,Water,837,1440,2010103
,6/16/2020,06:00:00,99155161,RAY012,99155138,RAY012,Invoice - AMI Billing RC - Electricity,ELEC,7,1430,2010332
,6/16/2020,12:00:00,99155162,RAY013,99155139,RAY013,Invoice - AMI Billing RC - Sanitation,Sanitation,837,1390,2010341
,6/16/2020,18:00:00,99155163,RAY014,99155140,RAY014,AR Receipt,Payment ,1,1450,2010061
,6/17/2020,00:00:00,99155160,RAY011,99155137,RAY011,Billing Advice,Water,843,1450,2010103
,6/17/2020,06:00:00,99155161,RAY012,99155138,RAY012,Invoice - AMI Billing RC - Electricity,ELEC,13,1440,2010332
,6/17/2020,12:00:00,99155162,RAY013,99155139,RAY013,Invoice - AMI Billing RC - Sanitation,Sanitation,843,1400,2010341
,6/17/2020,18:00:00,99155163,RAY014,99155140,RAY014,AR Receipt,Payment ,1,1460,2010061
,6/18/2020,00:00:00,99155160,RAY011,99155137,RAY011,Billing Advice,Water,849,1460,2010103
,6/18/2020,06:00:00,99155161,RAY012,99155138,RAY012,Invoice - AMI Billing RC - Electricity,ELEC,19,1450,2010332
,6/18/2020,12:00:00,99155162,RAY013,99155139,RAY013,Invoice - AMI Billing RC - Sanitation,Sanitation,849,1410,2010341
,6/18/2020,18:00:00,99155163,RAY014,99155140,RAY014,AR Receipt,Payment ,1,1470,2010061
,6/19/2020,00:00:00,99155160,RAY011,99155137,RAY011,Billing Advice,Water,855,1470,2010103
,6/19/2020,06:00:00,99155161,RAY012,99155138,RAY012,Invoice - AMI Billing RC - Electricity,ELEC,25,1460,2010332
,6/19/2020,12:00:00,99155162,RAY013,99155139,RAY013,Invoice - AMI Billing RC - Sanitation,Sanitation,855,1420,2010341
,6/19/2020,18:00:00,99155163,RAY014,99155140,RAY014,AR Receipt,Payment ,1,1480,2010061
,6/20/2020,00:00:00,99155160,RAY011,99155137,RAY011,Billing Advice,Water,861,1480,2010103
,6/20/2020,06:00:00,99155161,RAY012,99155138,RAY012,Invoice - AMI Billing RC - Electricity,ELEC,31,1470,2010332
,6/20/2020,12:00:00,99155162,RAY013,99155139,RAY013,Invoice - AMI Billing RC - Sanitation,Sanitation,861,1430,2010341
,6/20/2020,18:00:00,99155163,RAY014,99155140,RAY014,AR Receipt,Payment ,1,1490,2010061
,6/20/2020,00:00:00,99155162,RAY013,99155139,RAY013,Invoice - AMI Billing RC - Sanitation,Sanitation,867,1490,2010341
,6/20/2020,06:00:00,99155163,RAY014,99155140,RAY014,AR Receipt,Payment ,1,1480,2010061
,6/21/2020,12:00:00,99155160,RAY011,99155137,RAY011,Billing Advice,Water,867,1440,2010103
,6/21/2020,18:00:00,99155161,RAY012,99155138,RAY012,Invoice - AMI Billing RC - Electricity,ELEC,7,1500,2010332
,6/21/2020,00:00:00,99155162,RAY013,99155139,RAY013,Invoice - AMI Billing RC - Sanitation,Sanitation,873,1500,2010341
,6/21/2020,06:00:00,99155163,RAY014,99155140,RAY014,AR Receipt,Payment ,1,1490,2010061
,6/22/2020,12:00:00,99155160,RAY011,99155137,RAY011,Billing Advice,Water,873,1450,2010103
,6/22/2020,18:00:00,99155161,RAY012,99155138,RAY012,Invoice - AMI Billing RC - Electricity,ELEC,13,1510,2010332
,6/22/2020,00:00:00,99155162,RAY013,99155139,RAY013,Invoice - AMI Billing RC - Sanitation,Sanitation,879,1510,2010341
,6/22/2020,06:00:00,99155163,RAY014,99155140,RAY014,AR Receipt,Payment ,1,1500,2010061
,6/23/2020,12:00:00,99155160,RAY011,99155137,RAY011,Billing Advice,Water,879,1460,2010103
,6/23/2020,18:00:00,99155161,RAY012,99155138,RAY012,Invoice - AMI Billing RC - Electricity,ELEC,19,1520,2010332
,6/23/2020,00:00:00,99155162,RAY013,99155139,RAY013,Invoice - AMI Billing RC - Sanitation,Sanitation,885,1520,2010341
,6/23/2020,06:00:00,99155163,RAY014,99155140,RAY014,AR Receipt,Payment ,1,1510,2010061
,6/24/2020,12:00:00,99155160,RAY011,99155137,RAY011,Billing Advice,Water,885,1470,2010103
,6/24/2020,18:00:00,99155161,RAY012,99155138,RAY012,Invoice - AMI Billing RC - Electricity,ELEC,25,1530,2010332
,6/24/2020,00:00:00,99155162,RAY013,99155139,RAY013,Invoice - AMI Billing RC - Sanitation,Sanitation,891,1530,2010341
,6/24/2020,06:00:00,99155163,RAY014,99155140,RAY014,AR Receipt,Payment ,1,1520,2010061
,6/25/2020,12:00:00,99155160,RAY011,99155137,RAY011,Billing Advice,Water,891,1480,2010103
,6/25/2020,18:00:00,99155161,RAY012,99155138,RAY012,Invoice - AMI Billing RC - Electricity,ELEC,31,1540,2010332
,6/25/2020,00:00:00,99155162,RAY013,99155139,RAY013,Invoice - AMI Billing RC - Sanitation,Sanitation,897,1540,2010341
,6/25/2020,06:00:00,99155163,RAY014,99155140,RAY014,AR Receipt,Payment ,1,1530,2010061
,6/25/2020,12:00:00,99155162,RAY013,99155139,RAY013,Invoice - AMI Billing RC - Sanitation,Sanitation,897,1490,2010341
,6/25/2020,18:00:00,99155163,RAY014,99155140,RAY014,AR Receipt,Payment ,1,1550,2010061
,6/26/2020,00:00:00,99155160,RAY011,99155137,RAY011,Billing Advice,Water,903,1550,2010103
,6/26/2020,06:00:00,99155161,RAY012,99155138,RAY012,Invoice - AMI Billing RC - Electricity,ELEC,7,1540,2010332
,6/26/2020,12:00:00,99155162,RAY013,99155139,RAY013,Invoice - AMI Billing RC - Sanitation,Sanitation,903,1500,2010341
,6/26/2020,18:00:00,99155163,RAY014,99155140,RAY014,AR Receipt,Payment ,1,1560,2010061
,6/27/2020,00:00:00,99155160,RAY011,99155137,RAY011,Billing Advice,Water,909,1560,2010103
,6/27/2020,06:00:00,99155161,RAY012,99155138,RAY012,Invoice - AMI Billing RC - Electricity,ELEC,13,1550,2010332
,6/27/2020,12:00:00,99155162,RAY013,99155139,RAY013,Invoice - AMI Billing RC - Sanitation,Sanitation,909,1510,2010341
,6/27/2020,18:00:00,99155163,RAY014,99155140,RAY014,AR Receipt,Payment ,1,1570,2010061
,6/28/2020,00:00:00,99155160,RAY011,99155137,RAY011,Billing Advice,Water,915,1570,2010103
,6/28/2020,06:00:00,99155161,RAY012,99155138,RAY012,Invoice - AMI Billing RC - Electricity,ELEC,19,1560,2010332
,6/28/2020,12:00:00,99155162,RAY013,99155139,RAY013,Invoice - AMI Billing RC - Sanitation,Sanitation,915,1520,2010341
,6/28/2020,18:00:00,99155163,RAY014,99155140,RAY014,AR Receipt,Payment ,1,1580,2010061
,6/29/2020,00:00:00,99155160,RAY011,99155137,RAY011,Billing Advice,Water,921,1580,2010103
,6/29/2020,06:00:00,99155161,RAY012,99155138,RAY012,Invoice - AMI Billing RC - Electricity,ELEC,25,1570,2010332
,6/29/2020,12:00:00,99155162,RAY013,99155139,RAY013,Invoice - AMI Billing RC - Sanitation,Sanitation,921,1530,2010341
,6/29/2020,18:00:00,99155163,RAY014,99155140,RAY014,AR Receipt,Payment ,1,1590,2010061
,6/30/2020,00:00:00,99155160,RAY011,99155137,RAY011,Billing Advice,Water,927,1590,2010103
,6/30/2020,06:00:00,99155161,RAY012,99155138,RAY012,Invoice - AMI Billing RC - Electricity,ELEC,31,1580,2010332
,6/30/2020,12:00:00,99155162,RAY013,99155139,RAY013,Invoice - AMI Billing RC - Sanitation,Sanitation,927,1540,2010341
,6/30/2020,18:00:00,99155163,RAY014,99155140,RAY014,AR Receipt,Payment ,1,1600,2010061
,6/30/2020,00:00:00,99155162,RAY013,99155139,RAY013,Invoice - AMI Billing RC - Sanitation,Sanitation,933,1600,2010341
,6/30/2020,06:00:00,99155163,RAY014,99155140,RAY014,AR Receipt,Payment ,1,1590,2010061
,7/1/2020,12:00:00,99155160,RAY011,99155137,RAY011,Billing Advice,Water,933,1550,2010103
,7/1/2020,18:00:00,99155161,RAY012,99155138,RAY012,Invoice - AMI Billing RC - Electricity,ELEC,7,1610,2010332
,7/1/2020,00:00:00,99155162,RAY013,99155139,RAY013,Invoice - AMI Billing RC - Sanitation,Sanitation,939,1610,2010341
,7/1/2020,06:00:00,99155163,RAY014,99155140,RAY014,AR Receipt,Payment ,1,1600,2010061
,7/2/2020,12:00:00,99155160,RAY011,99155137,RAY011,Billing Advice,Water,939,1560,2010103
,7/2/2020,18:00:00,99155161,RAY012,99155138,RAY012,Invoice - AMI Billing RC - Electricity,ELEC,13,1620,2010332
,7/2/2020,00:00:00,99155162,RAY013,99155139,RAY013,Invoice - AMI Billing RC - Sanitation,Sanitation,945,1620,2010341
,7/2/2020,06:00:00,99155163,RAY014,99155140,RAY014,AR Receipt,Payment ,1,1610,2010061
,7/3/2020,12:00:00,99155160,RAY011,99155137,RAY011,Billing Advice,Water,945,1570,2010103
,7/3/2020,18:00:00,99155161,RAY012,99155138,RAY012,Invoice - AMI Billing RC - Electricity,ELEC,19,1630,2010332
,7/3/2020,00:00:00,99155162,RAY013,99155139,RAY013,Invoice - AMI Billing RC - Sanitation,Sanitation,951,1630,2010341
,7/3/2020,06:00:00,99155163,RAY014,99155140,RAY014,AR Receipt,Payment ,1,1620,2010061
,7/4/2020,12:00:00,99155160,RAY011,99155137,RAY011,Billing Advice,Water,951,1580,2010103
,7/4/2020,18:00:00,99155161,RAY012,99155138,RAY012,Invoice - AMI Billing RC - Electricity,ELEC,25,1640,2010332
,7/4/2020,00:00:00,99155162,RAY013,99155139,RAY013,Invoice - AMI Billing RC - Sanitation,Sanitation,957,1640,2010341
,7/4/2020,06:00:00,99155163,RAY014,99155140,RAY014,AR Receipt,Payment ,1,1630,2010061
,7/5/2020,12:00:00,99155160,RAY011,99155137,RAY011,Billing Advice,Water,957,1590,2010103
,7/5/2020,18:00:00,99155161,RAY012,99155138,RAY012,Invoice - AMI Billing RC - Electricity,ELEC,31,1650,2010332
,7/5/2020,00:00:00,99155162,RAY013,99155139,RAY013,Invoice - AMI Billing RC - Sanitation,Sanitation,963,1650,2010341
,7/5/2020,06:00:00,99155163,RAY014,99155140,RAY014,AR Receipt,Payment ,1,1640,2010061
,7/5/2020,12:00:00,99155162,RAY013,99155139,RAY013,Invoice - AMI Billing RC - Sanitation,Sanitation,963,1600,2010341
,7/5/2020,18:00:00,99155163,RAY014,99155140,RAY014,AR Receipt,Payment ,1,1660,2010061
,7/6/2020,00:00:00,99155160,RAY011,99155137,RAY011,Billing Advice,Water,969,1660,2010103
,7/6/2020,06:00:00,99155161,RAY012,99155138,RAY012,Invoice - AMI Billing RC - Electricity,ELEC,7,1650,2010332
,7/6/2020,12:00:00,99155162,RAY013,99155139,RAY013,Invoice - AMI Billing RC - Sanitation,Sanitation,969,1610,2010341
,7/6/2020,18:00:00,99155163,RAY014,99155140,RAY014,AR Receipt,Payment ,1,1670,2010061
,7/7/2020,00:00:00,99155160,RAY011,99155137,RAY011,Billing Advice,Water,975,1670,2010103
,7/7/2020,06:00:00,99155161,RAY012,99155138,RAY012,Invoice - AMI Billing RC - Electricity,ELEC,13,1660,2010332
,7/7/2020,12:00:00,99155162,RAY013,99155139,RAY013,Invoice - AMI Billing RC - Sanitation,Sanitation,975,1620,2010341
,7/7/2020,18:00:00,99155163,RAY014,99155140,RAY014,AR Receipt,Payment ,1,1680,2010061
,7/8/2020,00:00:00,99155160,RAY011,99155137,RAY011,Billing Advice,Water,981,1680,2010103
,7/8/2020,06:00:00,99155161,RAY012,99155138,RAY012,Invoice - AMI Billing RC - Electricity,ELEC,19,1670,2010332
,7/8/2020,12:00:00,99155162,RAY013,99155139,RAY013,Invoice - AMI Billing RC - Sanitation,Sanitation,981,1630,2010341
,7/8/2020,18:00:00,99155163,RAY014,99155140,RAY014,AR Receipt,Payment ,1,1690,2010061
,7/9/2020,00:00:00,99155160,RAY011,99155137,RAY011,Billing Advice,Water,987,1690,2010103
,7/9/2020,06:00:00,99155161,RAY012,99155138,RAY012,Invoice - AMI Billing RC - Electricity,ELEC,25,1680,2010332
,7/9/2020,12:00:00,99155162,RAY013,99155139,RAY013,Invoice - AMI Billing RC - Sanitation,Sanitation,987,1640,2010341
,7/9/2020,18:00:00,99155163,RAY014,99155140,RAY014,AR Receipt,Payment ,1,1700,2010061
,7/10/2020,00:00:00,99155160,RAY011,99155137,RAY011,Billing Advice,Water,993,1700,2010103
,7/10/2020,06:00:00,99155161,RAY012,99155138,RAY012,Invoice - AMI Billing RC - Electricity,ELEC,31,1690,2010332
,7/10/2020,12:00:00,99155162,RAY013,99155139,RAY013,Invoice - AMI Billing RC - Sanitation,Sanitation,993,1650,2010341
,7/10/2020,18:00:00,99155163,RAY014,99155140,RAY014,AR Receipt,Payment ,1,1710,2010061
,7/10/2020,00:00:00,99155162,RAY013,99155139,RAY013,Invoice - AMI Billing RC - Sanitation,Sanitation,999,1710,2010341
,7/10/2020,06:00:00,99155163,RAY014,99155140,RAY014,AR Receipt,Payment ,1,1700,2010061
,7/11/2020,12:00:00,99155160,RAY011,99155137,RAY011,Billing Advice,Water,999,1660,2010103
,7/11/2020,18:00:00,99155161,RAY012,99155138,RAY012,Invoice - AMI Billing RC - Electricity,ELEC,7,1720,2010332
,7/11/2020,00:00:00,99155162,RAY013,99155139,RAY013,Invoice - AMI Billing RC - Sanitation,Sanitation,1005,1720,2010341
,7/11/2020,06:00:00,99155163,RAY014,99155140,RAY014,AR Receipt,Payment ,1,1710,2010061
,7/12/2020,12:00:00,99155160,RAY011,99155137,RAY011,Billing Advice,Water,1005,1670,2010103
,7/12/2020,18:00:00,99155161,RAY012,99155138,RAY012,Invoice - AMI Billing RC - Electricity,ELEC,13,1730,2010332
,7/12/2020,00:00:00,99155162,RAY013,99155139,RAY013,Invoice - AMI Billing RC - Sanitation,Sanitation,1011,1730,2010341
,7/12/2020,06:00:00,99155163,RAY014,99155140,RAY014,AR Receipt,Payment ,1,1720,2010061
,7/13/2020,12:00:00,99155160,RAY011,99155137,RAY011,Billing Advice,Water,1011,1680,2010103
,7/13/2020,18:00:00,99155161,RAY012,99155138,RAY012,Invoice - AMI Billing RC - Electricity,ELEC,19,1740,2010332
,7/13/2020,00:00:00,99155162,RAY013,99155139,RAY013,Invoice - AMI Billing RC - Sanitation,Sanitation,1017,1740,2010341
,7/13/2020,06:00:00,99155163,RAY014,99155140,RAY014,AR Receipt,Payment ,1,1730,2010061
,7/14/2020,12:00:00,99155160,RAY011,99155137,RAY011,Billing Advice,Water,1017,1690,2010103
,7/14/2020,18:00:00,99155161,RAY012,99155138,RAY012,Invoice - AMI Billing RC - Electricity,ELEC,25,1750,2010332
,7/14/2020,00:00:00,99155162,RAY013,99155139,RAY013,Invoice - AMI Billing RC - Sanitation,Sanitation,1023,1750,2010341
,7/14/2020,06:00:00,99155163,RAY014,99155140,RAY014,AR Receipt,Payment ,1,1740,2010061
,7/15/2020,12:00:00,99155160,RAY011,99155137,RAY011,Billing Advice,Water,1023,1700,2010103
,7/15/2020,18:00:00,99155161,RAY012,99155138,RAY012,Invoice - AMI Billing RC - Electricity,ELEC,31,1760,2010332
,7/15/2020,00:00:00,99155162,RAY013,99155139,RAY013,Invoice - AMI Billing RC - Sanitation,Sanitation,1029,1760,2010341
,7/15/2020,06:00:00,99155163,RAY014,99155140,RAY014,AR Receipt,Payment ,1,1750,2010061
,7/15/2020,12:00:00,99155162,RAY013,99155139,RAY013,Invoice - AMI Billing RC - Sanitation,Sanitation,37,1770,2010341
